13000,90,1,3,31.8786659,36.0043148
19000,70,1,3,31.9104559,35.9461201
20000,125,2,3,31.9544129,35.90203384501519
20000,55,1,1,31.9702644,35.9588989
20000,75,1,2,23.0836476,58.1519321
20000,75,1,1,23.0836476,58.1519321
21000,118,2,2,26.3779767,56.4152779
23000,108,2,3,31.8786659,36.0043148
24000,85,1,2,23.0836476,58.1519321
25000,83,1,2,32.0544606,35.8935168
25000,150,2,3,32.0189025,35.8819325
25000,83,1,2,26.3779767,56.4152779
25000,90,1,3,31.9544129,35.90203384501519
25000,122,3,3,31.9900572,35.8448489
25000,90,1,3,28.418496,36.5353721
26000,80,2,2,26.3779767,56.4152779
26000,80,2,2,26.3779767,56.4152779
26000,44,1,0,31.9900572,35.8448489
26300,76,2,2,32.003056,35.947222
26300,76,2,2,32.003056,35.947222
27000,68,1,2,31.902734,35.9686525
27000,68,1,2,26.3779767,56.4152779
27000,115,2,3,31.8786659,36.0043148
28000,120,2,3,32.0131134,35.8934216
30000,35,1,0,23.5728178,58.1879339
30000,35,1,0,31.9988572,35.8012817
30000,92,1,1,31.9507057,35.9214735
31000,30,1,0,31.9738582,35.8837307
31000,85,1,2,30.502854,47.8357271
32000,60,2,2,31.915556,35.8889266
32000,80,2,2,31.9515694,35.9239625
32000,130,2,3,23.0836476,58.1519321
33000,75,1,2,32.025,35.838056
33000,60,1,2,32.0189025,35.8819325
33000,75,1,2,32.025,35.838056
33000,80,2,2,32.0189025,35.8819325
33000,60,1,2,32.0189025,35.8819325
33000,100,2,4,31.9777206,35.9801466
35000,126,2,3,31.9318548,35.9162999
35000,103,2,2,32.003056,35.947222
35000,126,2,3,31.9318548,35.9162999
35000,103,2,2,32.003056,35.947222
35000,106,2,3,23.0836476,58.1519321
35000,65,1,2,31.9900572,35.8448489
36000,105,1,2,23.0836476,58.1519321
37000,140,4,4,32.0189025,35.8819325
37000,125,4,4,23.5728178,58.1879339
37000,110,2,2,32.003056,35.947222
37000,140,4,4,32.0189025,35.8819325
37000,125,4,4,31.9988572,35.8012817
37000,110,2,3,23.484933,57.3063282
37000,104,2,2,32.003056,35.947222
38000,119,3,3,31.9507057,35.9214735
39000,102,3,3,26.3779767,56.4152779
40000,118,2,3,32.025,35.838056
40000,75,2,2,32.0472227,35.909541
40000,41,1,0,31.9988572,35.8012817
40000,118,2,3,32.025,35.838056
40000,125,2,3,32.0189025,35.8819325
40000,125,2,3,32.0189025,35.8819325
40000,75,2,2,32.0401622,35.9072147
40000,139,2,4,23.0836476,58.1519321
40000,163,2,3,31.9507057,35.9214735
40000,100,1,2,31.9507057,35.9214735
41000,145,2,3,31.9097421,35.8491296
41000,120,1,2,31.9777206,35.9801466
41000,145,2,3,31.9016521,35.8517493
42000,125,2,3,32.0189025,35.8819325
42000,100,2,3,31.987704100000002,35.92397041067557
42000,118,3,3,32.0189025,35.8819325
42000,125,2,3,32.0189025,35.8819325
42000,100,2,3,23.0836476,58.1519321
42000,118,3,3,32.0189025,35.8819325
42000,36,1,1,31.9738582,35.8837307
42000,111,2,3,23.0836476,58.1519321
42000,112,2,3,31.9777206,35.9801466
42000,145,2,3,31.9016521,35.8517493
43000,108,3,3,31.902734,35.9686525
43000,110,2,4,32.0189025,35.8819325
43000,108,3,3,26.3779767,56.4152779
43000,108,3,3,26.3779767,56.4152779
45000,123,2,3,23.5865489,58.4314473
45000,130,2,3,32.0189025,35.8819325
45000,80,2,2,32.0189025,35.8819325
45000,80,2,2,23.5728178,58.1879339
45000,120,2,3,31.9468458,35.8387542
45000,115,3,3,32.0189025,35.8819325
45000,123,2,3,23.0836476,58.1519321
45000,150,3,4,31.9617045,35.88098711265357
45000,130,2,3,32.0189025,35.8819325
45000,80,2,2,32.0189025,35.8819325
45000,144,3,3,23.0836476,58.1519321
45000,130,2,3,23.484933,57.3063282
45000,140,2,3,23.484933,57.3063282
45000,100,2,2,23.0836476,58.1519321
45000,170,2,6,31.9777206,35.9801466
45000,143,3,3,32.003056,35.947222
46000,26,1,0,31.958369,35.8638771
46000,142,2,3,32.003056,35.947222
46000,26,1,0,31.958369,35.8638771
46000,150,2,3,32.003056,35.947222
46000,125,2,3,32.003056,35.947222
46000,90,1,2,23.0836476,58.1519321
46000,90,1,2,31.9988572,35.8012817
46900,133,2,3,24.8595193,56.3601185
46900,133,2,3,24.8595193,56.3601185
46900,133,2,3,26.0177133,56.3901725
47000,120,2,2,32.003056,35.947222
47000,111,2,3,31.915556,35.8889266
47000,120,2,2,32.003056,35.947222
47000,128,2,3,31.9738582,35.8837307
47000,149,3,3,26.3779767,56.4152779
47500,152,2,3,24.8595193,56.3601185
47500,152,2,3,24.8595193,56.3601185
47500,152,2,3,26.0177133,56.3901725
47500,100,2,2,23.484933,57.3063282
48000,130,3,3,31.902734,35.9686525
48000,111,2,2,32.0189025,35.8819325
48000,149,3,3,32.003056,35.947222
48000,130,3,3,26.3779767,56.4152779
48000,150,3,3,32.003056,35.947222
48000,111,2,2,32.0189025,35.8819325
48000,145,2,3,32.0189025,35.8819325
48000,120,2,3,32.0189025,35.8819325
48000,142,2,3,26.3779767,56.4152779
48000,120,2,3,31.9507057,35.9214735
48500,110,3,3,32.0472227,35.909541
48500,110,3,3,32.0401622,35.9072147
48900,111,2,3,32.0472227,35.909541
48900,111,2,3,32.0401622,35.9072147
49000,135,3,3,32.0189025,35.8819325
49000,130,3,3,32.003056,35.947222
49000,130,3,3,31.902734,35.9686525
49000,140,2,2,31.9515694,35.9239625
49000,135,3,3,23.0836476,58.1519321
49000,130,3,3,32.003056,35.947222
49000,130,3,3,26.3779767,56.4152779
49000,130,3,3,31.9016521,35.8517493
49000,110,2,3,23.0836476,58.1519321
49000,150,3,3,32.0401622,35.9072147
50000,150,3,3,32.003056,35.947222
50000,127,2,3,32.0544606,35.8935168
50000,150,3,3,32.003056,35.947222
50000,127,2,3,32.0544606,35.8935168
50000,150,3,3,32.003056,35.947222
50000,127,2,3,26.3779767,56.4152779
50000,120,2,3,31.9876803,35.9239446
50000,155,2,3,23.0836476,58.1519321
50000,103,2,3,31.915556,35.8889266
50000,155,2,3,31.9318548,35.9162999
50000,108,2,3,31.9318548,35.9162999
50000,135,2,3,31.9853265,35.8806996
50000,152,3,3,31.883333,35.883333
50000,84,1,0,32.0189025,35.8819325
50000,120,2,3,32.003056,35.947222
51000,130,3,3,32.003056,35.947222
51000,130,3,3,32.003056,35.947222
51500,120,3,3,32.0472227,35.909541
51500,107,3,3,31.883333,35.883333
51500,120,3,3,32.0401622,35.9072147
52000,141,3,3,32.003056,35.947222
52000,100,2,2,23.1397597,57.6705088
52000,110,2,3,32.003056,35.947222
52000,141,3,3,32.003056,35.947222
52000,150,3,3,32.003056,35.947222
52000,150,3,3,31.9507057,35.9214735
52000,120,2,2,28.418496,36.5353721
52000,137,2,3,31.9876803,35.9239446
52000,100,2,2,15.664873,43.4398
53000,107,3,3,31.9544129,35.90203384501519
53000,126,3,3,32.003056,35.947222
54000,130,3,3,31.902734,35.9686525
54000,135,3,3,32.025,35.838056
54000,130,3,3,26.3779767,56.4152779
54000,135,3,3,32.025,35.838056
54000,133,3,3,32.003056,35.947222
55000,150,3,3,32.003056,35.947222
55000,150,3,3,32.003056,35.947222
55000,110,2,3,32.0189025,35.8819325
55000,125,2,3,32.025,35.838056
55000,135,3,3,31.9507057,35.9214735
55000,159,3,3,32.003056,35.947222
55000,123,2,3,31.9507057,35.9214735
55000,150,3,3,32.003056,35.947222
55000,159,3,3,32.003056,35.947222
55000,110,2,3,32.0189025,35.8819325
55000,159,3,3,32.003056,35.947222
55000,130,2,3,31.915556,35.8889266
55000,95,2,2,31.9998356,35.9684442
55000,114,3,3,31.9028128,35.9125073
55000,150,2,3,31.9507057,35.9214735
55000,160,4,3,31.9318548,35.9162999
55000,145,3,3,32.003056,35.947222
55000,145,3,3,32.003056,35.947222
55000,145,3,3,32.003056,35.947222
55500,62,1,2,31.987704100000002,35.92397041067557
55500,62,1,2,31.987704100000002,35.92397041067557
55500,62,1,2,23.0836476,58.1519321
56000,149,3,3,32.003056,35.947222
56000,120,2,3,32.0472227,35.909541
56000,149,3,3,32.003056,35.947222
56000,120,2,3,32.0472227,35.909541
56000,122,3,3,31.883333,35.883333
56000,150,3,3,32.0472227,35.909541
56000,149,3,3,32.003056,35.947222
56000,120,2,3,32.0401622,35.9072147
56000,106,1,2,31.9900572,35.8448489
56000,122,3,3,31.883333,35.883333
56000,149,3,3,31.9515694,35.9239625
56000,150,3,3,32.0401622,35.9072147
56000,145,3,3,32.003056,35.947222
57000,130,3,3,32.0189025,35.8819325
57000,150,3,3,32.003056,35.947222
57000,125,3,3,31.915556,35.8889266
57000,95,2,2,31.9998356,35.9684442
57000,130,3,3,32.0189025,35.8819325
57000,145,3,3,32.003056,35.947222
58000,145,3,3,32.003056,35.947222
58000,145,3,3,23.5865489,58.4314473
58000,140,2,3,23.5865489,58.4314473
58000,150,3,3,32.003056,35.947222
58000,130,3,3,31.983333,35.85
58000,150,3,3,32.003056,35.947222
58000,145,3,3,32.003056,35.947222
58000,33,1,0,31.9544129,35.90203384501519
58000,145,3,3,23.0836476,58.1519321
58000,140,2,3,23.0836476,58.1519321
58000,150,3,3,32.003056,35.947222
58000,150,3,3,32.003056,35.947222
58000,130,3,3,31.9617045,35.88098711265357
58000,110,2,2,28.418496,36.5353721
58000,150,4,3,32.03364,35.8332303
58000,110,2,2,28.418496,36.5353721
58000,129,3,2,31.9544129,35.90203384501519
58000,145,3,3,32.003056,35.947222
59000,140,3,3,32.0472227,35.909541
59000,141,3,3,32.003056,35.947222
59000,120,3,2,31.987704100000002,35.92397041067557
59000,140,3,3,32.0401622,35.9072147
59000,141,3,3,32.003056,35.947222
60000,150,3,3,32.0189025,35.8819325
60000,150,3,3,31.8075777,35.9119531
60000,150,3,3,32.0189025,35.8819325
60000,150,3,3,31.8075777,35.9119531
60000,150,3,3,32.003056,35.947222
60000,147,3,3,32.0472227,35.909541
60000,110,1,0,32.0189025,35.8819325
60000,146,3,3,31.9028128,35.9125073
60000,85,2,2,31.9853265,35.8806996
60000,150,3,3,32.003056,35.947222
60000,150,3,3,32.003056,35.947222
60000,182,3,3,32.003056,35.947222
60000,150,3,3,32.0189025,35.8819325
60000,150,3,3,28.418496,36.5353721
60000,150,3,3,32.003056,35.947222
60000,147,3,3,32.0401622,35.9072147
60000,110,1,0,32.0189025,35.8819325
60000,150,3,3,32.003056,35.947222
60000,146,3,3,31.9028128,35.9125073
60000,166,2,3,31.915556,35.8889266
60000,107,2,2,31.9544129,35.90203384501519
60000,150,3,3,32.003056,35.947222
60000,85,2,2,31.9853265,35.8806996
60000,150,3,3,32.003056,35.947222
60000,120,2,3,31.8786659,36.0043148
60000,150,3,3,32.003056,35.947222
60000,140,3,3,28.418496,36.5353721
60000,140,3,3,28.418496,36.5353721
60000,140,3,3,28.418496,36.5353721
60000,182,3,3,32.003056,35.947222
60000,130,3,3,31.9853265,35.8806996
60000,147,3,3,31.9150722,35.7538951
60000,169,3,3,23.0836476,58.1519321
61000,150,3,3,32.0472227,35.909541
61000,150,3,3,32.0401622,35.9072147
62000,120,2,2,31.9617045,35.88098711265357
62000,150,3,3,31.915556,35.8889266
62000,145,3,3,32.003056,35.947222
63000,220,4,4,31.1871147,34.8363302
63000,140,3,3,31.8075777,35.9119531
63000,135,3,3,31.987704100000002,35.92397041067557
63000,220,4,4,31.1871147,34.8363302
63000,140,3,3,28.418496,36.5353721
63000,135,3,3,23.0836476,58.1519321
63000,144,2,3,31.9900572,35.8448489
63000,130,3,3,23.0836476,58.1519321
64000,223,2,3,32.0189025,35.8819325
64000,223,2,3,23.0836476,58.1519321
64000,150,3,3,32.003056,35.947222
64000,110,2,2,31.9606811,35.8406273
64000,135,3,3,32.0189025,35.8819325
65000,130,2,3,32.025,35.838056
65000,115,2,3,32.0189025,35.8819325
65000,150,3,3,31.9468458,35.8387542
65000,50,1,1,23.5728178,58.1879339
65000,108,3,3,32.0544606,35.8935168
65000,149,2,3,32.0189025,35.8819325
65000,130,2,3,32.025,35.838056
65000,85,2,2,31.9988572,35.8012817
65000,115,2,3,32.0189025,35.8819325
65000,115,3,3,31.9900572,35.8448489
65000,150,3,3,31.9468458,35.8387542
65000,130,2,3,31.9900572,35.8448489
65000,50,1,1,31.9988572,35.8012817
65000,110,2,3,31.9900572,35.8448489
65000,136,2,3,31.9507057,35.9214735
65000,108,3,3,26.3779767,56.4152779
65000,130,2,3,26.3779767,56.4152779
65000,130,3,3,23.0836476,58.1519321
65000,100,2,0,31.9946531,35.8662013
65000,155,2,2,31.9946531,35.8662013
66000,166,3,3,32.003056,35.947222
66000,130,3,3,28.418496,36.5353721
66000,210,3,3,23.0836476,58.1519321
66000,130,2,3,31.9738582,35.8837307
66000,166,3,3,32.003056,35.947222
66000,140,3,3,26.3779767,56.4152779
67000,83,2,2,32.0189025,35.8819325
67000,83,2,2,32.0189025,35.8819325
67000,145,3,3,32.003056,35.947222
67000,195,3,3,32.0189025,35.8819325
67000,83,2,2,23.0836476,58.1519321
67000,141,2,3,31.9617045,35.88098711265357
67000,150,3,3,31.883333,35.883333
67000,145,3,3,32.003056,35.947222
67000,174,2,3,31.9786682,35.894816
67000,140,3,3,28.418496,36.5353721
67000,150,3,3,31.915556,35.8889266
67000,140,3,3,28.418496,36.5353721
67000,171,3,3,31.9853265,35.8806996
67000,195,3,3,23.0836476,58.1519321
67000,151,3,3,23.0836476,58.1519321
67000,130,3,3,23.484933,57.3063282
67000,140,2,3,31.9988572,35.8012817
68000,125,2,3,31.915556,35.8889266
68000,168,3,3,32.0189025,35.8819325
68000,180,3,3,32.0472227,35.909541
68000,180,4,4,31.902734,35.9686525
68000,160,3,3,32.003056,35.947222
68000,142,3,3,31.915556,35.8889266
68000,170,3,3,31.9946531,35.8662013
68000,135,3,3,31.9946531,35.8662013
68000,125,2,3,31.915556,35.8889266
68000,168,3,3,32.0189025,35.8819325
68000,180,3,3,32.0401622,35.9072147
68000,180,4,4,26.3779767,56.4152779
68000,173,2,3,31.9900572,35.8448489
68000,140,3,3,28.418496,36.5353721
68000,145,3,3,31.915556,35.8889266
68000,135,3,3,32.0189025,35.8819325
68000,140,3,3,28.418496,36.5353721
68000,160,3,3,32.003056,35.947222
68000,142,3,3,31.915556,35.8889266
68000,135,3,3,23.484933,57.3063282
68000,160,3,3,31.9515694,35.9239625
68000,140,3,3,31.915556,35.8889266
68000,138,3,3,31.9016521,35.8517493
69000,135,2,3,23.0836476,58.1519321
69000,135,3,3,31.9617045,35.88098711265357
69000,140,3,3,31.915556,35.8889266
69000,135,2,3,23.484933,57.3063282
69000,150,3,3,31.9515694,35.9239625
69000,130,3,3,31.9606811,35.8406273
69000,153,3,3,32.0401622,35.9072147
70000,100,2,2,31.9853265,35.8806996
70000,100,2,2,31.9738582,35.8837307
70000,160,3,3,31.9946531,35.8662013
70000,100,2,2,31.9853265,35.8806996
70000,137,3,3,23.0836476,58.1519321
70000,145,3,3,31.9028128,35.9125073
70000,121,2,2,31.958369,35.8638771
70000,160,3,3,23.0836476,58.1519321
70000,150,3,3,23.0836476,58.1519321
70000,150,3,3,31.9515694,35.9239625
70000,160,2, 5,31.915556,35.8889266
70000,185,3,3,32.0334166,35.9315512
71000,161,3,3,32.0189025,35.8819325
71000,161,3,3,23.0836476,58.1519321
72000,150,3,3,32.0189025,35.8819325
72000,150,3,3,32.0189025,35.8819325
72000,176,3,3,31.915556,35.8889266
72000,155,3,3,31.915556,35.8889266
72000,85,2,2,31.9738582,35.8837307
72000,175,3,3,32.0401622,35.9072147
72000,150,3,3,23.484933,57.3063282
73000,80,1,0,23.5728178,58.1879339
73000,175,3,3,32.0401622,35.9072147
73000,80,1,0,31.9988572,35.8012817
74000,150,3,3,31.9097421,35.8491296
74000,150,3,3,31.9097421,35.8491296
74000,150,3,3,31.9016521,35.8517493
74000,150,3,3,31.9016521,35.8517493
74000,175,3,3,32.003056,35.947222
74000,165,3,3,32.0401622,35.9072147
75000,140,2,3,32.003056,35.947222
75000,140,2,3,32.003056,35.947222
75000,210,3,3,32.003056,35.947222
75000,140,2,3,32.003056,35.947222
75000,90,2,2,31.9738582,35.8837307
75000,180,3,3,31.9738582,35.8837307
75000,210,3,3,32.003056,35.947222
75000,110,2,3,31.9544129,35.90203384501519
75000,150,3,3,23.484933,57.3063282
75000,150,3,3,23.484933,57.3063282
75000,150,3,3,31.9946531,35.8662013
75000,210,3,3,32.003056,35.947222
75000,220,3,3,32.0131134,35.8934216
76000,160,3,3,32.0189025,35.8819325
76000,146,3,3,31.983333,35.85
76000,180,3,3,32.0189025,35.8819325
76000,160,3,3,32.0189025,35.8819325
76000,125,3,3,31.9946531,35.8662013
76500,150,3,3,32.0189025,35.8819325
76500,150,3,3,32.0189025,35.8819325
77000,160,3,3,31.9097421,35.8491296
77000,160,3,3,31.9016521,35.8517493
77000,150,3,3,32.0189025,35.8819325
77000,150,3,3,23.484933,57.3063282
78000,180,4,4,32.0472227,35.909541
78000,140,2,2,31.9946531,35.8662013
78000,180,4,4,32.0401622,35.9072147
78000,147,3,3,31.82202,35.8268899
78000,205,3,3,23.484933,57.3063282
78000,180,3,3,32.003056,35.947222
79000,180,3,3,32.0189025,35.8819325
79000,150,3,3,31.915556,35.8889266
79000,150,3,3,32.003056,35.947222
79000,180,3,3,32.0189025,35.8819325
79000,150,3,3,31.915556,35.8889266
79000,150,3,3,32.003056,35.947222
79000,100,2,2,31.9544129,35.90203384501519
80000,200,3,3,32.003056,35.947222
80000,190,3,3,31.9738582,35.8837307
80000,120,2,3,31.9738582,35.8837307
80000,200,3,3,32.003056,35.947222
80000,380,3,3,32.0189025,35.8819325
80000,180,3,3,32.0334166,35.9315512
80000,150,3,3,31.9988572,35.8012817
82000,168,4,3,32.0189025,35.8819325
82000,130,2,3,31.9097421,35.8491296
82000,177,3,3,31.9468458,35.8387542
82000,136,2,3,31.95939875,35.857552167957806
82000,230,3,3,32.0088886,35.8651445
82000,168,3,3,32.0189025,35.8819325
82000,150,2,3,32.0189025,35.8819325
82000,168,4,3,32.0189025,35.8819325
82000,130,2,3,31.9016521,35.8517493
82000,177,3,3,31.9468458,35.8387542
82000,132,2,3,31.9900572,35.8448489
82000,136,2,3,31.9544129,35.90203384501519
82000,180,3,3,23.484933,57.3063282
82000,230,3,3,31.9946531,35.8662013
82000,170,3,3,31.9028128,35.9125073
82000,168,3,3,32.0189025,35.8819325
82000,145,3,3,31.9606811,35.8406273
83000,130,2,3,31.9617045,35.88098711265357
83000,130,3,3,32.0189025,35.8819325
83000,185,3,3,23.0836476,58.1519321
84000,185,3,3,31.9853265,35.8806996
85000,180,3,3,32.0189025,35.8819325
85000,173,3,3,32.0472227,35.909541
85000,230,3,3,31.9097421,35.8491296
85000,160,3,3,32.0189025,35.8819325
85000,176,3,3,31.915556,35.8889266
85000,168,2,3,31.9507057,35.9214735
85000,171,3,3,31.915556,35.8889266
85000,180,3,3,23.0836476,58.1519321
85000,173,3,3,32.0401622,35.9072147
85000,188,3,3,31.9988572,35.8012817
85000,150,2,3,23.0836476,58.1519321
85000,175,3,3,31.9900572,35.8448489
85000,185,3,3,31.9946531,35.8662013
85000,150,3,3,31.9738582,35.8837307
85000,125,2,3,31.9544129,35.90203384501519
85000,140,3,3,31.9738582,35.8837307
85000,230,3,3,31.9016521,35.8517493
85000,160,3,3,32.0189025,35.8819325
85000,150,3,3,31.9016521,35.8517493
85000,230,3,3,31.9016521,35.8517493
85000,174,3,3,23.484933,57.3063282
85000,170,3,3,23.484933,57.3063282
85000,176,3,3,31.915556,35.8889266
85000,140,3,3,31.9853265,35.8806996
86000,125,2,3,23.0836476,58.1519321
86000,160,3,3,32.0401622,35.9072147
87000,180,3,3,32.0472227,35.909541
87000,135,3,3,31.9900572,35.8448489
87000,160,3,3,31.9617045,35.88098711265357
87000,180,3,3,32.0401622,35.9072147
87000,145,3,3,31.9515694,35.9239625
87000,175,3,3,32.003056,35.947222
87000,160,3,3,23.484933,57.3063282
87000,160,3,3,23.484933,57.3063282
88000,165,3,3,31.8075777,35.9119531
88000,125,2,3,31.8075777,35.9119531
88000,165,3,3,28.418496,36.5353721
88000,125,2,3,31.8075777,35.9119531
88000,210,3,4,23.0836476,58.1519321
88000,160,3,3,23.484933,57.3063282
88000,175,3,3,32.0401622,35.9072147
88000,175,3,3,32.0401622,35.9072147
89000,165,3,3,32.0334166,35.9315512
89000,186,4,4,30.502854,47.8357271
89000,120,3,3,31.883333,35.883333
89000,150,3,3,28.418496,36.5353721
89000,200,3,3,31.9900572,35.8448489
89000,165,3,3,32.0334166,35.9315512
89000,110,3,3,31.9946531,35.8662013
90000,160,3,3,32.0088886,35.8651445
90000,180,3,3,31.9097421,35.8491296
90000,155,3,3,32.0189025,35.8819325
90000,150,3,3,31.9946531,35.8662013
90000,150,3,3,31.9998356,35.9684442
90000,160,3,3,31.9946531,35.8662013
90000,130,2,3,31.9998356,35.9684442
90000,180,3,3,31.9016521,35.8517493
90000,136,3,3,28.418496,36.5353721
90000,100,2,2,31.9998356,35.9684442
90000,150,3,3,23.484933,57.3063282
90000,188,3,3,31.883333,35.883333
90000,165,3,3,31.915556,35.8889266
90000,168,3,3,23.0836476,58.1519321
90000,200,4,3,23.0836476,58.1519321
92000,182,3,3,31.9988572,35.8012817
92000,180,3,3,23.0836476,58.1519321
92000,140,3,3,31.9515694,35.9239625
93000,192,3,4,31.883333,35.883333
93000,200,3,3,31.958369,35.8638771
93000,165,3,3,31.883333,35.883333
93000,100,2,2,31.9656982,35.8557533
93000,173,3,3,23.484933,57.3063282
93000,192,3,4,31.883333,35.883333
93500,149,3,3,31.9900572,35.8448489
93500,149,3,3,31.9900572,35.8448489
93500,149,3,3,31.9900572,35.8448489
94000,149,3,3,31.9853265,35.8806996
94000,149,3,3,31.9853265,35.8806996
95000,145,3,3,31.9786682,35.894816
95000,145,3,3,31.9786682,35.894816
95000,280,4,4,32.0189025,35.8819325
95000,156,2,2,31.8075777,35.9119531
95000,450,3,3,32.003056,35.947222
95000,175,3,3,32.0189025,35.8819325
95000,165,3,3,31.8075777,35.9119531
95000,195,3,3,31.9853265,35.8806996
95000,125,3,3,31.9544129,35.90203384501519
95000,150,3,3,31.9946531,35.8662013
95000,145,3,3,31.9786682,35.894816
95000,280,4,4,32.0189025,35.8819325
95000,156,2,2,28.418496,36.5353721
95000,173,3,3,31.9998356,35.9684442
95000,100,2,2,31.9998356,35.9684442
95000,165,3,3,31.9900572,35.8448489
95000,190,3,3,31.9900572,35.8448489
95000,200,3,3,31.9738582,35.8837307
95000,145,3,3,31.9946531,35.8662013
95000,185,3,3,31.9900572,35.8448489
95000,185,3,3,31.9900572,35.8448489
95000,450,3,3,32.003056,35.947222
95000,150,4,4,31.9988572,35.8012817
95000,175,3,3,32.0189025,35.8819325
95000,165,3,3,28.418496,36.5353721
95000,135,3,3,31.9988572,35.8012817
95000,145,3,3,31.9900572,35.8448489
95000,195,3,3,31.9853265,35.8806996
95000,150,3,3,31.9900572,35.8448489
96000,150,3,3,30.502854,47.8357271
97000,135,2,3,31.9468458,35.8387542
97000,135,2,3,31.9468458,35.8387542
97000,110,2,2,31.9786682,35.894816
97000,135,2,3,31.9468458,35.8387542
97000,110,2,2,31.9786682,35.894816
97000,175,3,3,32.0401622,35.9072147
98000,150,3,3,31.9857183,35.9037253
98000,145,3,3,31.9853265,35.8806996
98000,150,3,3,23.484933,57.3063282
98000,178,3,3,32.0401622,35.9072147
98000,178,3,3,32.0401622,35.9072147
98500,210,3,3,31.9097421,35.8491296
98500,210,3,3,31.9016521,35.8517493
99000,130,2,3,31.95939875,35.857552167957806
99000,164,3,3,31.9738582,35.8837307
99000,130,2,3,31.9544129,35.90203384501519
99000,140,3,3,31.9738582,35.8837307
99000,164,3,3,31.9738582,35.8837307
100000,235,3,3,32.0189025,35.8819325
100000,182,3,3,31.98182,35.9108158
100000,170,3,3,31.9412478,35.885959
100000,177,3,3,31.9559723,35.89621109309677
100000,193,3,3,31.9900572,35.8448489
100000,170,3,3,31.9998356,35.9684442
100000,180,3,3,31.958369,35.8638771
100000,235,3,3,23.0836476,58.1519321
100000,225,3,3,23.0836476,58.1519321
100000,182,3,3,31.98182,35.9108158
100000,189,3,2,23.0836476,58.1519321
100000,170,3,3,31.9412478,35.885959
100000,180,3,3,28.418496,36.5353721
100000,177,3,3,31.9544129,35.90203384501519
100000,150,3,3,31.9606811,35.8406273
103000,130,3,3,31.9900572,35.8448489
103000,135,3,3,31.9900572,35.8448489
103000,130,3,3,31.9900572,35.8448489
103000,135,3,3,31.9900572,35.8448489
103000,150,3,3,31.9016521,35.8517493
103000,150,3,3,31.9016521,35.8517493
105000,145,3,3,31.9498506,35.8403752
105000,150,3,3,32.0088886,35.8651445
105000,185,3,3,31.9900572,35.8448489
105000,170,3,3,31.9617045,35.88098711265357
105000,165,3,3,31.9738582,35.8837307
105000,145,3,3,31.9498506,35.8403752
105000,175,3,3,31.9900572,35.8448489
105000,185,3,3,31.9853265,35.8806996
105000,160,3,3,31.9946531,35.8662013
105000,150,3,3,31.9946531,35.8662013
105000,100,2,3,31.9412478,35.885959
105000,230,4,4,31.9853265,35.8806996
105000,185,3,3,31.9900572,35.8448489
105000,150,3,3,23.0836476,58.1519321
105000,179,3,3,23.0836476,58.1519321
105000,160,3,3,23.484933,57.3063282
105000,140,3,3,31.9544129,35.90203384501519
105000,200,3,3,31.9016521,35.8517493
105000,150,3,3,31.9946531,35.8662013
105000,150,3,3,31.9946531,35.8662013
105000,150,3,3,31.9946531,35.8662013
105000,100,2,2,31.9412478,35.885959
106000,165,3,3,23.0836476,58.1519321
107000,185,3,3,31.9097421,35.8491296
107000,185,3,3,31.9016521,35.8517493
107000,177,5,3,30.502854,47.8357271
107500,150,3,3,31.9786682,35.894816
107500,150,3,3,31.9786682,35.894816
108000,180,3,3,32.0472227,35.909541
108000,180,3,3,32.0401622,35.9072147
108000,200,3,3,31.915556,35.8889266
110000,180,3,3,32.0088886,35.8651445
110000,180,3,3,32.0472227,35.909541
110000,252,4,4,32.0544606,35.8935168
110000,170,3,3,31.9998356,35.9684442
110000,186,3,3,31.9900572,35.8448489
110000,190,3,3,31.9900572,35.8448489
110000,100,2,2,31.958369,35.8638771
110000,170,3,3,31.9617045,35.88098711265357
110000,155,3,3,31.9900572,35.8448489
110000,179,5,3,30.502854,47.8357271
110000,210,3,3,31.9853265,35.8806996
110000,170,3,3,31.983333,35.9
110000,180,3,3,31.9946531,35.8662013
110000,150,3,3,31.883333,35.883333
110000,180,3,3,32.0401622,35.9072147
110000,175,3,3,31.983333,35.9
110000,150,3,3,31.8075777,35.9119531
110000,252,4,4,26.3779767,56.4152779
110000,122,3,3,31.9998356,35.9684442
110000,185,3,3,31.9786682,35.894816
110000,317,3,3,31.8075777,35.9119531
110000,180,3,3,23.484933,57.3063282
110000,210,4,4,23.484933,57.3063282
110000,175,3,3,23.0836476,58.1519321
110000,190,3,3,23.484933,57.3063282
110000,160,3,3,23.484933,57.3063282
110000,180,3,3,23.0836476,58.1519321
110000,120,2,3,31.9946531,35.8662013
110000,113,3,3,31.9412478,35.885959
110000,251,3,3,31.9946531,35.8662013
113000,178,3,3,32.0401622,35.9072147
115000,150,2,2,31.9557097,35.9278599
115000,150,2,2,31.9557097,35.9278599
115000,120,2,2,31.9412478,35.885959
115000,206,4,3,31.9097421,35.8491296
115000,412,3,3,32.0189025,35.8819325
115000,150,2,2,31.9507057,35.9214735
115000,185,3,3,31.9617045,35.88098711265357
115000,120,2,2,31.9412478,35.885959
115000,206,4,3,31.9016521,35.8517493
115000,170,3,3,31.9998356,35.9684442
115000,412,3,3,32.0189025,35.8819325
115000,177,3,3,31.8075777,35.9119531
115000,185,3,3,31.883333,35.883333
115000,195,3,3,23.484933,57.3063282
115000,150,4,3,31.9998356,35.9684442
115000,400,3,3,31.9016521,35.8517493
115000,150,3,3,31.9946531,35.8662013
116000,178,3,3,32.0401622,35.9072147
116000,221,4,4,32.0401622,35.9072147
118000,250,5,4,32.0189025,35.8819325
118000,150,3,3,31.9617045,35.88098711265357
119000,180,3,3,32.0472227,35.909541
119000,150,4,3,31.9998356,35.9684442
119000,200,4,4,32.0189025,35.8819325
119000,250,4,4,32.0189025,35.8819325
119000,180,3,3,32.0401622,35.9072147
119000,150,3,3,32.0189025,35.8819325
119500,200,4,4,32.0189025,35.8819325
120000,180,4,3,32.0189025,35.8819325
120000,160,3,3,31.983333,35.85
120000,190,3,3,31.8075777,35.9119531
120000,200,3,3,31.9998356,35.9684442
120000,200,3,3,31.9738582,35.8837307
120000,150,3,3,31.9900572,35.8448489
120000,210,3, 5,31.9853265,35.8806996
120000,180,4,3,23.0836476,58.1519321
120000,220,3,3,31.9900572,35.8448489
120000,130,2,3,31.9998356,35.9684442
120000,180,4,3,31.8075777,35.9119531
120000,190,3,3,31.883333,35.883333
120000,180,4,3,31.8075777,35.9119531
120000,199,3,3,31.9412478,35.885959
120000,160,3,3,31.9617045,35.88098711265357
120000,200,3,3,31.9900572,35.8448489
120000,190,4,3,28.418496,36.5353721
122000,160,3,3,23.0836476,58.1519321
125000,195,3,3,31.8075777,35.9119531
125000,170,3,3,31.9900572,35.8448489
125000,195,3,3,31.9900572,35.8448489
125000,175,3,3,31.9946531,35.8662013
125000,280,4,4,31.9946531,35.8662013
125000,195,3,3,31.8075777,35.9119531
125000,140,2,2,31.9412478,35.885959
125000,180,3,3,28.418496,36.5353721
125000,200,3,3,31.9016521,35.8517493
125000,280,4,3,28.418496,36.5353721
125000,185,3,3,28.418496,36.5353721
125000,200,3,3,31.8075777,35.9119531
126000,210,3,3,32.0189025,35.8819325
126000,210,3,3,32.0189025,35.8819325
127000,211,3,3,32.0189025,35.8819325
127000,211,3,3,32.0189025,35.8819325
127000,400,3,3,31.8075777,35.9119531
127500,145,3,3,31.9880592,35.8113021
128000,185,3,3,31.9097421,35.8491296
128000,185,3,3,31.9016521,35.8517493
130000,185,3,3,31.8075777,35.9119531
130000,170,3,3,31.9097421,35.8491296
130000,170,3,3,31.9097421,35.8491296
130000,185,3,3,31.8075777,35.9119531
130000,170,3,3,31.9016521,35.8517493
130000,180,3,3,31.9946531,35.8662013
130000,157,3,3,31.9900572,35.8448489
130000,198,3,3,31.9016521,35.8517493
130000,180,4,3,31.9617045,35.88098711265357
130000,170,3,3,31.9016521,35.8517493
130000,135,3,3,31.9946531,35.8662013
130000,170,4,3,31.9900572,35.8448489
130000,175,3,3,31.9998356,35.9684442
135000,180,5,3,31.9097421,35.8491296
135000,240,3,3,31.9738582,35.8837307
135000,265,4,4,32.0189025,35.8819325
135000,180,5,3,31.9016521,35.8517493
135000,125,3,3,31.9738582,35.8837307
135000,200,3,3,31.9998356,35.9684442
135000,190,3,3,31.883333,35.883333
135000,240,3,3,31.9738582,35.8837307
135000,220,3,3,31.9738582,35.8837307
140000,280,4,4,31.9097421,35.8491296
140000,230,4,3,31.9097421,35.8491296
140000,230,4,3,31.9097421,35.8491296
140000,184,4,3,31.9738582,35.8837307
140000,180,3,3,31.9900572,35.8448489
140000,280,4,4,31.9016521,35.8517493
140000,230,4,3,31.9016521,35.8517493
140000,230,4,3,31.9016521,35.8517493
140000,250,4,3,31.9028128,35.9125073
140000,200,3,3,32.0189025,35.8819325
140000,230,4,3,31.915556,35.8889266
142000,63,1,0,31.9593159,35.9187494
142000,63,1,0,31.9593159,35.9187494
143000,220,3,3,31.983333,35.9
145000,210,4,4,31.9900572,35.8448489
145000,176,3,3,31.9738582,35.8837307
145000,180,3,3,31.9738582,35.8837307
145000,150,3,3,31.9738582,35.8837307
145000,220,3,3,32.0189025,35.8819325
145000,320,3,3,31.9853265,35.8806996
145000,180,3,3,31.9658376,35.8270732
145000,210,4,4,31.9900572,35.8448489
145000,176,3,3,31.9738582,35.8837307
145000,152,4,3,31.9786682,35.894816
149000,300,3,2,31.9900572,35.8448489
149000,300,3,2,31.9900572,35.8448489
150000,210,3,4,31.9515694,35.9239625
150000,177,4,3,31.9738582,35.8837307
150000,190,3,3,31.9900572,35.8448489
150000,180,3,3,31.9544129,35.90203384501519
150000,225,4,4,23.0836476,58.1519321
150000,210,3,4,31.9515694,35.9239625
150000,177,4,3,31.9738582,35.8837307
150000,163,3,3,31.9880592,35.8113021
150000,200,4,3,31.9900572,35.8448489
150000,180,3,3,23.0836476,58.1519321
152000,175,3,3,31.9998356,35.9684442
155000,205,4,3,31.9998356,35.9684442
155000,215,4,4,30.502854,47.8357271
155000,200,3,3,31.9738582,35.8837307
155000,180,4,3,31.9998356,35.9684442
155000,160,3,3,31.9900572,35.8448489
158000,210,4,3,30.502854,47.8357271
158000,226,4,4,31.9900572,35.8448489
160000,105,1,0,31.9593159,35.9187494
160000,210,4,4,31.9097421,35.8491296
160000,230,4,3,31.9097421,35.8491296
160000,236,5,4,31.9162918,35.8532555
160000,105,1,0,31.9593159,35.9187494
160000,210,4,4,31.9016521,35.8517493
160000,170,3,3,31.9998356,35.9684442
160000,180,3,3,31.9900572,35.8448489
160000,230,4,3,31.9016521,35.8517493
160000,236,5,4,31.9162918,35.8532555
160000,200,3,3,31.9738582,35.8837307
165000,220,4,3,31.9900572,35.8448489
165000,173,3,3,31.9617045,35.88098711265357
165000,620,3, 5,32.0189025,35.8819325
165000,200,4,4,31.9544129,35.90203384501519
165000,220,4,3,31.9900572,35.8448489
165000,220,3,3,31.9900572,35.8448489
165000,170,3,3,31.958369,35.8638771
165000,200,3,3,31.9900572,35.8448489
165000,200,4,3,31.9998356,35.9684442
165000,173,3,3,31.9617045,35.88098711265357
165000,215,5,4,31.8075777,35.9119531
170000,208,3,3,31.9900572,35.8448489
170000,205,3,3,31.9900572,35.8448489
170000,208,3,3,31.9900572,35.8448489
170000,220,5,4,31.9900572,35.8448489
172000,150,3,3,31.9900572,35.8448489
172000,150,3,3,31.9900572,35.8448489
175000,185,3,3,31.9412478,35.885959
175000,185,3,3,31.9412478,35.885959
175000,350,4,4,31.9617045,35.88098711265357
175000,160,3,3,31.9998356,35.9684442
175000,225,4,4,28.418496,36.5353721
175000,263,4, 5,31.8075777,35.9119531
177000,200,4,3,31.8075777,35.9119531
180000,200,4,4,31.9544129,35.90203384501519
180000,239,4,4,31.9900572,35.8448489
180000,270,5,4,31.9900572,35.8448489
185000,185,3,3,31.9900572,35.8448489
185000,105,2,2,31.9412478,35.885959
185000,205,4,3,31.9998356,35.9684442
185000,255,3,3,31.9880592,35.8113021
185000,201,2,2,15.664873,43.4398
189000,400,5,4,31.8075777,35.9119531
189000,400,5, 5,31.8075777,35.9119531
189000,400,5,4,28.418496,36.5353721
189000,400,5, 5,31.8075777,35.9119531
190000,230,5,4,31.9617045,35.88098711265357
190000,210,4,3,31.8075777,35.9119531
195000,190,3,3,31.9412478,35.885959
195000,280,4,4,31.9880592,35.8113021
195000,190,3,3,31.9412478,35.885959
195000,255,4,4,31.9900572,35.8448489
195000,280,4,4,31.9880592,35.8113021
195000,288,4,4,31.9617045,35.88098711265357
200000,210,3,3,31.983333,35.85
200000,300,5,4,31.9617045,35.88098711265357
200000,210,3,3,31.9617045,35.88098711265357
200000,230,4,4,31.9738582,35.8837307
200000,190,3,3,31.9738582,35.8837307
200000,248,4,3,31.9412478,35.885959
200000,210,3,4,31.9412478,35.885959
200000,250,5,4,31.9412478,35.885959
205000,250,4,3,31.9617045,35.88098711265357
207000,200,3,3,31.9412478,35.885959
207000,200,3,3,31.9412478,35.885959
210000,270,4,4,31.958369,35.8638771
215000,215,4,4,31.9998356,35.9684442
215000,190,3,3,31.958369,35.8638771
215000,320,4,4,31.9658376,35.8270732
215000,320,3,4,31.9658376,35.8270732
220000,332,3,3,31.9162918,35.8532555
220000,235,5,4,31.9900572,35.8448489
220000,240,4,3,31.9617045,35.88098711265357
220000,256,3,4,31.9544129,35.90203384501519
220000,332,3,3,31.9162918,35.8532555
220000,251,4,4,31.9998356,35.9684442
220000,240,4,3,31.9617045,35.88098711265357
225000,377,4,4,31.9617045,35.88098711265357
225000,270,4,4,31.9738582,35.8837307
225000,290,5,4,32.0189025,35.8819325
225000,255,4,3,31.9412478,35.885959
225000,236,3,3,31.9998356,35.9684442
230000,280,4,4,31.958369,35.8638771
230000,200,4,3,31.9617045,35.88098711265357
230000,280,4,3,31.9617045,35.88098711265357
235000,400,3,4,31.9786682,35.894816
240000,305,4,4,31.9738582,35.8837307
240000,350,5, 5,31.9658376,35.8270732
250000,290,4,4,31.9412478,35.885959
250000,470,5,4,31.8075777,35.9119531
250000,290,4,4,31.9412478,35.885959
254000,362,5,4,31.958369,35.8638771
254000,362,5,4,31.958369,35.8638771
270000,225,4,4,31.9900572,35.8448489
280000,390,5, 5,31.9658376,35.8270732
280000,270,5,4,31.9162918,35.8532555
285000,311,4,4,31.9617045,35.88098711265357
295000,346,5,3,32.0088886,35.8651445
295000,346,5,3,31.9946531,35.8662013
295000,236,4,3,31.9412478,35.885959
300000,335,5,4,31.9880592,35.8113021
300000,342,5,4,31.9544129,35.90203384501519
300000,378,5,4,31.9900572,35.8448489
300000,270,4,4,31.9880592,35.8113021
310000,320,5, 5,31.9900572,35.8448489
310000,320,5, 5,31.9900572,35.8448489
310000,350,4,4,31.9998356,35.9684442
319000,220,4,3,31.9412478,35.885959
320000,375,5,4,31.9617045,35.88098711265357
320000,340,5,4,31.9880592,35.8113021
365000,335,5,4,31.9900572,35.8448489
380000,475,5,6,31.9412478,35.885959
380000,475,5,6,31.9412478,35.885959
450000,460,5,4,31.9998356,35.9684442
450000,362,4,4,31.9412478,35.885959
450000,300,3,3,31.9016521,35.8517493
485000,420,5,6,31.9880592,35.8113021
525000,370,5,4,31.9412478,35.885959
850000,500,5, 5,31.9412478,35.885959
